,Country,PATIENT_ID,SYNDROME,DATE,Region,Population2009,DeadPerPop
0,Colombia,148605,Total,Total,Colombia,44750054,0.33207781157090893
1,Colombia,96,Total,2009-04-16,Colombia,44750054,0.0002145248807967919
2,Colombia,52,Total,2009-04-17,Colombia,44750054,0.00011620097709826228
3,Colombia,93,Total,2009-04-18,Colombia,44750054,0.00020782097827189212
4,Colombia,154,Total,2009-04-19,Colombia,44750054,0.00034413366294485363
5,Colombia,258,Total,2009-04-20,Colombia,44750054,0.0005765356171413781
6,Colombia,313,Total,2009-04-21,Colombia,44750054,0.0006994404967645402
7,Colombia,647,Total,2009-04-22,Colombia,44750054,0.0014458083112033786
8,Colombia,890,Total,2009-04-23,Colombia,44750054,0.001988824415720258
9,Colombia,1146,Total,2009-04-24,Colombia,44750054,0.002560890764511703
10,Colombia,1140,Total,2009-04-25,Colombia,44750054,0.002547482959461904
11,Colombia,1204,Total,2009-04-26,Colombia,44750054,0.002690499546659765
12,Colombia,1198,Total,2009-04-27,Colombia,44750054,0.0026770917416099656
13,Colombia,1358,Total,2009-04-28,Colombia,44750054,0.0030346332096046185
14,Colombia,1283,Total,2009-04-29,Colombia,44750054,0.0028670356464821248
15,Colombia,1154,Total,2009-04-30,Colombia,44750054,0.002578767837911436
16,Colombia,1417,Total,2009-05-01,Colombia,44750054,0.003166476625927647
17,Colombia,1734,Total,2009-05-02,Colombia,44750054,0.003874855659392053
18,Colombia,2119,Total,2009-05-03,Colombia,44750054,0.004735189816754188
19,Colombia,1980,Total,2009-05-04,Colombia,44750054,0.004424575666433833
20,Colombia,3121,Total,2009-05-05,Colombia,44750054,0.006974293260070702
21,Colombia,1837,Total,2009-05-06,Colombia,44750054,0.004105022979413612
22,Colombia,1780,Total,2009-05-07,Colombia,44750054,0.003977648831440516
23,Colombia,2625,Total,2009-05-08,Colombia,44750054,0.005865914709287278
24,Colombia,2500,Total,2009-05-09,Colombia,44750054,0.005586585437416455
25,Colombia,2692,Total,2009-05-10,Colombia,44750054,0.006015635199010039
26,Colombia,3915,Total,2009-05-11,Colombia,44750054,0.008748592794994169
27,Colombia,2885,Total,2009-05-12,Colombia,44750054,0.006446919594778589
28,Colombia,3160,Total,2009-05-13,Colombia,44750054,0.007061443992894399
29,Colombia,3266,Total,2009-05-14,Colombia,44750054,0.007298315215440857
30,Colombia,2635,Total,2009-05-15,Colombia,44750054,0.005888261051036944
31,Colombia,4157,Total,2009-05-16,Colombia,44750054,0.009289374265336083
32,Colombia,2861,Total,2009-05-17,Colombia,44750054,0.006393288374579392
33,Colombia,3167,Total,2009-05-18,Colombia,44750054,0.007077086432119166
34,Colombia,3155,Total,2009-05-19,Colombia,44750054,0.007050270822019566
35,Colombia,3675,Total,2009-05-20,Colombia,44750054,0.00821228059300219
36,Colombia,3281,Total,2009-05-21,Colombia,44750054,0.007331834728065357
37,Colombia,3624,Total,2009-05-22,Colombia,44750054,0.008098314250078894
38,Colombia,4554,Total,2009-05-23,Colombia,44750054,0.010176524032797816
39,Colombia,3311,Total,2009-05-24,Colombia,44750054,0.007398873753314354
40,Colombia,3267,Total,2009-05-25,Colombia,44750054,0.007300549849615824
41,Colombia,2530,Total,2009-05-26,Colombia,44750054,0.005653624462665452
42,Colombia,2279,Total,2009-05-27,Colombia,44750054,0.005092731284748841
43,Colombia,2998,Total,2009-05-28,Colombia,44750054,0.006699433256549813
44,Colombia,2086,Total,2009-05-29,Colombia,44750054,0.00466144688898029
45,Colombia,1960,Total,2009-05-30,Colombia,44750054,0.004379882982934501
46,Colombia,2200,Total,2009-05-31,Colombia,44750054,0.00491619518492648
47,Colombia,1346,Total,2009-06-01,Colombia,44750054,0.0030078175995050197
48,Colombia,2162,Total,2009-06-02,Colombia,44750054,0.004831279086277751
49,Colombia,1694,Total,2009-06-03,Colombia,44750054,0.0037854702923933903
50,Colombia,1732,Total,2009-06-04,Colombia,44750054,0.0038703863910421205
51,Colombia,2360,Total,2009-06-05,Colombia,44750054,0.005273736652921134
52,Colombia,1693,Total,2009-06-06,Colombia,44750054,0.0037832356582184236
53,Colombia,1392,Total,2009-06-07,Colombia,44750054,0.0031106107715534823
54,Colombia,2102,Total,2009-06-08,Colombia,44750054,0.004697201035779756
55,Colombia,1617,Total,2009-06-09,Colombia,44750054,0.003613403460920963
56,Colombia,2829,Total,2009-06-10,Colombia,44750054,0.006321780080980461
57,Colombia,799,Total,2009-06-11,Colombia,44750054,0.0017854727057982991
58,Colombia,2073,Total,2009-06-12,Colombia,44750054,0.004632396644705725
59,Colombia,2323,Total,2009-06-13,Colombia,44750054,0.0051910551884473705
60,Colombia,1879,Total,2009-06-14,Colombia,44750054,0.0041988776147622075
61,Colombia,1582,Total,2009-06-15,Colombia,44750054,0.003535191264797133
62,Colombia,1067,Total,2009-06-16,Colombia,44750054,0.0023843546646893435
63,Colombia,1936,Total,2009-06-17,Colombia,44750054,0.004326251762735303
64,Colombia,732,Total,2009-06-18,Colombia,44750054,0.0016357522160755382
65,Colombia,1463,Total,2009-06-19,Colombia,44750054,0.0032692697979761097
66,Colombia,2262,Total,2009-06-20,Colombia,44750054,0.005054742503774409
67,Colombia,3049,Total,2009-06-21,Colombia,44750054,0.006813399599473109
68,Colombia,2346,Total,2009-06-22,Colombia,44750054,0.005242451774471602
69,Colombia,1962,Total,2009-06-23,Colombia,44750054,0.004384352251284434
70,Colombia,1949,Total,2009-06-24,Colombia,44750054,0.0043553020070098685
71,Colombia,1636,Total,2009-06-25,Colombia,44750054,0.0036558615102453285
72,Colombia,2000,Total,2009-06-26,Colombia,44750054,0.004469268349933164
73,Colombia,1241,Total,2009-06-28,Colombia,44750054,0.0027731810111335286
74,Colombia,1622,Total,2009-06-29,Colombia,44750054,0.0036245766317957967
75,Iran,112030,Total,Total,Iran,72924833,0.15362393767840374
76,Iran,20,Total,2009-04-16,Iran,72924833,2.742549989795657e-05
77,Iran,107,Total,2009-04-17,Iran,72924833,0.00014672642445406767
78,Iran,65,Total,2009-04-18,Iran,72924833,8.913287466835886e-05
79,Iran,505,Total,2009-04-19,Iran,72924833,0.0006924938724234035
80,Iran,344,Total,2009-04-20,Iran,72924833,0.000471718598244853
81,Iran,500,Total,2009-04-21,Iran,72924833,0.0006856374974489143
82,Iran,533,Total,2009-04-22,Iran,72924833,0.0007308895722805427
83,Iran,137,Total,2009-04-23,Iran,72924833,0.00018786467430100253
84,Iran,960,Total,2009-04-24,Iran,72924833,0.0013164239951019153
85,Iran,653,Total,2009-04-25,Iran,72924833,0.000895442571668282
86,Iran,1031,Total,2009-04-26,Iran,72924833,0.0014137845197396612
87,Iran,718,Total,2009-04-27,Iran,72924833,0.000984575446336641
88,Iran,323,Total,2009-04-28,Iran,72924833,0.0004429218233519986
89,Iran,1102,Total,2009-04-29,Iran,72924833,0.0015111450443774071
90,Iran,944,Total,2009-04-30,Iran,72924833,0.0012944835951835501
91,Iran,1407,Total,2009-05-01,Iran,72924833,0.0019293839178212448
92,Iran,1395,Total,2009-05-02,Iran,72924833,0.001912928617882471
93,Iran,1694,Total,2009-05-03,Iran,72924833,0.0023229398413569216
94,Iran,2385,Total,2009-05-04,Iran,72924833,0.003270490862831321
95,Iran,1134,Total,2009-05-05,Iran,72924833,0.0015550258442141376
96,Iran,1350,Total,2009-05-06,Iran,72924833,0.0018512212431120686
97,Iran,1189,Total,2009-05-07,Iran,72924833,0.0016304459689335184
98,Iran,2296,Total,2009-05-08,Iran,72924833,0.0031484473882854146
99,Iran,2029,Total,2009-05-09,Iran,72924833,0.002782316964647694
100,Iran,2259,Total,2009-05-10,Iran,72924833,0.0030977102134741945
101,Iran,2213,Total,2009-05-11,Iran,72924833,0.0030346315637088945
102,Iran,1619,Total,2009-05-12,Iran,72924833,0.0022200942167395848
103,Iran,2232,Total,2009-05-13,Iran,72924833,0.0030606857886119536
104,Iran,1517,Total,2009-05-14,Iran,72924833,0.0020802241672600056
105,Iran,1718,Total,2009-05-15,Iran,72924833,0.0023558504412344696
106,Iran,2699,Total,2009-05-16,Iran,72924833,0.003701071211229239
107,Iran,2434,Total,2009-05-17,Iran,72924833,0.003337683337581315
108,Iran,2803,Total,2009-05-18,Iran,72924833,0.003843683810698614
109,Iran,3002,Total,2009-05-19,Iran,72924833,0.004116567534683282
110,Iran,2993,Total,2009-05-20,Iran,72924833,0.004104226059729201
111,Iran,3544,Total,2009-05-21,Iran,72924833,0.004859798581917905
112,Iran,3214,Total,2009-05-22,Iran,72924833,0.004407277833601621
113,Iran,3272,Total,2009-05-23,Iran,72924833,0.004486811783305695
114,Iran,2861,Total,2009-05-24,Iran,72924833,0.0039232177604026875
115,Iran,2529,Total,2009-05-25,Iran,72924833,0.003467954462096609
116,Iran,2090,Total,2009-05-26,Iran,72924833,0.0028659647393364618
117,Iran,2434,Total,2009-05-27,Iran,72924833,0.003337683337581315
118,Iran,1677,Total,2009-05-28,Iran,72924833,0.0022996281664436585
119,Iran,2520,Total,2009-05-29,Iran,72924833,0.0034556129871425277
120,Iran,2127,Total,2009-05-30,Iran,72924833,0.002916701914147681
121,Iran,1334,Total,2009-05-31,Iran,72924833,0.0018292808431937032
122,Iran,1967,Total,2009-06-01,Iran,72924833,0.0026972979149640286
123,Iran,1853,Total,2009-06-02,Iran,72924833,0.0025409725655456765
124,Iran,2321,Total,2009-06-03,Iran,72924833,0.00318272926315786
125,Iran,1733,Total,2009-06-04,Iran,72924833,0.0023764195661579368
126,Iran,1970,Total,2009-06-05,Iran,72924833,0.002701411739948722
127,Iran,528,Total,2009-06-06,Iran,72924833,0.0007240331973060535
128,Iran,1105,Total,2009-06-07,Iran,72924833,0.0015152588693621006
129,Iran,1902,Total,2009-06-08,Iran,72924833,0.00260816504029567
130,Iran,1040,Total,2009-06-09,Iran,72924833,0.0014261259946937417
131,Iran,1019,Total,2009-06-10,Iran,72924833,0.0013973292198008872
132,Iran,958,Total,2009-06-11,Iran,72924833,0.0013136814451121196
133,Iran,1199,Total,2009-06-12,Iran,72924833,0.0016441587188824964
134,Iran,1078,Total,2009-06-13,Iran,72924833,0.0014782344444998592
135,Iran,1239,Total,2009-06-14,Iran,72924833,0.0016990097186784098
136,Iran,36,Total,2009-06-15,Iran,72924833,4.9365899816321835e-05
137,Iran,741,Total,2009-06-16,Iran,72924833,0.001016114771219291
138,Iran,1210,Total,2009-06-17,Iran,72924833,0.0016592427438263725
139,Iran,2150,Total,2009-06-18,Iran,72924833,0.0029482412390303314
140,Iran,842,Total,2009-06-19,Iran,72924833,0.0011546135457039717
141,Iran,303,Total,2009-06-20,Iran,72924833,0.0004154963234540421
142,Iran,749,Total,2009-06-21,Iran,72924833,0.0010270849711784735
143,Iran,1197,Total,2009-06-22,Iran,72924833,0.0016414161688927007
144,Iran,2345,Total,2009-06-23,Iran,72924833,0.0032156398630354085
145,Iran,903,Total,2009-06-24,Iran,72924833,0.001238261320392739
146,Iran,1308,Total,2009-06-25,Iran,72924833,0.00179362769332636
147,Iran,556,Total,2009-06-26,Iran,72924833,0.0007624288971631927
148,Iran,1098,Total,2009-06-27,Iran,72924833,0.0015056599443978157
149,Iran,1379,Total,2009-06-28,Iran,72924833,0.0018909882179641057
150,Iran,1389,Total,2009-06-29,Iran,72924833,0.0019047009679130837
151,Kenya,471270,Total,Total,Karachi,12300883,3.831188378915562
152,Kenya,8575,Total,2009-04-16,Karachi,12300883,0.06971044273813513
153,Kenya,24215,Total,2009-04-17,Karachi,12300883,0.19685578669433731
154,Kenya,16239,Total,2009-04-18,Karachi,12300883,0.13201491307575236
155,Kenya,15606,Total,2009-04-19,Karachi,12300883,0.12686894103455826
156,Kenya,15379,Total,2009-04-20,Karachi,12300883,0.12502354505770033
157,Kenya,7821,Total,2009-04-21,Karachi,12300883,0.06358080147579649
158,Kenya,18630,Total,2009-04-22,Karachi,12300883,0.15145254206547612
159,Kenya,20081,Total,2009-04-23,Karachi,12300883,0.16324844322151508
160,Kenya,11399,Total,2009-04-24,Karachi,12300883,0.09266814422997113
161,Kenya,10820,Total,2009-04-25,Karachi,12300883,0.08796116506432912
162,Kenya,10151,Total,2009-04-26,Karachi,12300883,0.08252253110610026
163,Kenya,9013,Total,2009-04-27,Karachi,12300883,0.07327116272872443
164,Kenya,10723,Total,2009-04-28,Karachi,12300883,0.08717260378787442
165,Kenya,6024,Total,2009-04-29,Karachi,12300883,0.048972094117145905
166,Kenya,12596,Total,2009-04-30,Karachi,12300883,0.10239915297137613
167,Kenya,8781,Total,2009-05-01,Karachi,12300883,0.07138511926338947
168,Kenya,8847,Total,2009-05-02,Karachi,12300883,0.07192166611128648
169,Kenya,9865,Total,2009-05-03,Karachi,12300883,0.0801974947652132
170,Kenya,11720,Total,2009-05-04,Karachi,12300883,0.09527771299019754
171,Kenya,8483,Total,2009-05-05,Karachi,12300883,0.06896252895015748
172,Kenya,6342,Total,2009-05-06,Karachi,12300883,0.051557274384286075
173,Kenya,7010,Total,2009-05-07,Karachi,12300883,0.056987778844819516
174,Kenya,7613,Total,2009-05-08,Karachi,12300883,0.06188986595515134
175,Kenya,8183,Total,2009-05-09,Karachi,12300883,0.06652367964153467
176,Kenya,8821,Total,2009-05-10,Karachi,12300883,0.07171029917120583
177,Kenya,9625,Total,2009-05-11,Karachi,12300883,0.07824641531831496
178,Kenya,10161,Total,2009-05-12,Karachi,12300883,0.08260382608305436
179,Kenya,10660,Total,2009-05-13,Karachi,12300883,0.08666044543306363
180,Kenya,11605,Total,2009-05-14,Karachi,12300883,0.09434282075522546
181,Kenya,12053,Total,2009-05-15,Karachi,12300883,0.09798483572276884
182,Kenya,12251,Total,2009-05-16,Karachi,12300883,0.0995944762664599
183,Kenya,12441,Total,2009-05-17,Karachi,12300883,0.10113908082858766
184,Kenya,12054,Total,2009-05-18,Karachi,12300883,0.09799296522046426
185,Kenya,11521,Total,2009-05-19,Karachi,12300883,0.09365994294881108
186,Kenya,10982,Total,2009-05-20,Karachi,12300883,0.08927814369098544
187,Kenya,10130,Total,2009-05-21,Karachi,12300883,0.08235181165449666
188,Kenya,9234,Total,2009-05-22,Karachi,12300883,0.0750677817194099
189,Kenya,8169,Total,2009-05-23,Karachi,12300883,0.06640986667379895
190,Kenya,7211,Total,2009-05-24,Karachi,12300883,0.058621807881596794
191,Kenya,6247,Total,2009-05-25,Karachi,12300883,0.050784972103222185
192,Kenya,5359,Total,2009-05-26,Karachi,12300883,0.04356597814969868
193,Kenya,4628,Total,2009-05-27,Karachi,12300883,0.03762331533435445
194,Kenya,3815,Total,2009-05-28,Karachi,12300883,0.031014033707986655
195,Kenya,3216,Total,2009-05-29,Karachi,12300883,0.026144464588436455
196,Kenya,2725,Total,2009-05-30,Karachi,12300883,0.02215288121999047
197,Kenya,2302,Total,2009-05-31,Karachi,12300883,0.018714103694832313
198,Kenya,1912,Total,2009-06-01,Karachi,12300883,0.015543599593622668
199,Kenya,1559,Total,2009-06-02,Karachi,12300883,0.01267388690714317
200,Kenya,1309,Total,2009-06-03,Karachi,12300883,0.010641512483290833
201,Kenya,1086,Total,2009-06-04,Karachi,12300883,0.00882863449721455
202,Kenya,987,Total,2009-06-05,Karachi,12300883,0.008023814225369024
203,Kenya,781,Total,2009-06-06,Karachi,12300883,0.006349137700114699
204,Kenya,631,Total,2009-06-07,Karachi,12300883,0.005129713045803297
205,Kenya,536,Total,2009-06-08,Karachi,12300883,0.004357410764739409
206,Kenya,513,Total,2009-06-09,Karachi,12300883,0.004170432317744994
207,Kenya,357,Total,2009-06-10,Karachi,12300883,0.0029022306772611365
208,Kenya,375,Total,2009-06-11,Karachi,12300883,0.0030485616357785045
209,Kenya,273,Total,2009-06-12,Karachi,12300883,0.0022193528708467514
210,Kenya,236,Total,2009-06-13,Karachi,12300883,0.0019185614561166057
211,Kenya,126,Total,2009-06-14,Karachi,12300883,0.0010243167096215776
212,Kenya,202,Total,2009-06-15,Karachi,12300883,0.001642158534472688
213,Kenya,195,Total,2009-06-16,Karachi,12300883,0.0015852520506048225
214,Kenya,125,Total,2009-06-17,Karachi,12300883,0.0010161872119261682
215,Kenya,155,Total,2009-06-18,Karachi,12300883,0.0012600721427884485
216,Kenya,35,Total,2009-06-19,Karachi,12300883,0.0002845324193393271
217,Kenya,51,Total,2009-06-20,Karachi,12300883,0.0004146043824658767
218,Kenya,140,Total,2009-06-21,Karachi,12300883,0.0011381296773573084
219,Kenya,66,Total,2009-06-22,Karachi,12300883,0.0005365468478970169
220,Kenya,88,Total,2009-06-23,Karachi,12300883,0.0007153957971960224
221,Kenya,98,Total,2009-06-24,Karachi,12300883,0.0007966907741501158
222,Kenya,81,Total,2009-06-25,Karachi,12300883,0.0006584893133281571
223,Kenya,19,Total,2009-06-26,Karachi,12300883,0.00015446045621277758
224,Kenya,8,Total,2009-06-27,Karachi,12300883,6.503598156327477e-05
225,Lebanon,87422,Total,Total,Lebanon,4813026,1.8163625128972916
226,Lebanon,70,Total,2009-04-16,Lebanon,4813026,0.0014543864919906936
227,Lebanon,95,Total,2009-04-17,Lebanon,4813026,0.0019738102391302272
228,Lebanon,41,Total,2009-04-18,Lebanon,4813026,0.0008518549453088348
229,Lebanon,213,Total,2009-04-19,Lebanon,4813026,0.004425490325628825
230,Lebanon,646,Total,2009-04-20,Lebanon,4813026,0.013421909626085544
231,Lebanon,796,Total,2009-04-21,Lebanon,4813026,0.016538452108922744
232,Lebanon,208,Total,2009-04-22,Lebanon,4813026,0.004321605576200918
233,Lebanon,1173,Total,2009-04-23,Lebanon,4813026,0.02437136221578691
234,Lebanon,376,Total,2009-04-24,Lebanon,4813026,0.007812133156978582
235,Lebanon,452,Total,2009-04-25,Lebanon,4813026,0.009391181348282764
236,Lebanon,763,Total,2009-04-26,Lebanon,4813026,0.015852812762698558
237,Lebanon,1139,Total,2009-04-27,Lebanon,4813026,0.023664945919677143
238,Lebanon,484,Total,2009-04-28,Lebanon,4813026,0.010056043744621367
239,Lebanon,883,Total,2009-04-29,Lebanon,4813026,0.01834604674896832
240,Lebanon,1278,Total,2009-04-30,Lebanon,4813026,0.02655294195377295
241,Lebanon,482,Total,2009-05-01,Lebanon,4813026,0.010014489844850205
242,Lebanon,722,Total,2009-05-02,Lebanon,4813026,0.015000957817389726
243,Lebanon,859,Total,2009-05-03,Lebanon,4813026,0.017847399951714367
244,Lebanon,745,Total,2009-05-04,Lebanon,4813026,0.015478827664758095
245,Lebanon,1299,Total,2009-05-05,Lebanon,4813026,0.026989257901370155
246,Lebanon,975,Total,2009-05-06,Lebanon,4813026,0.020257526138441805
247,Lebanon,1008,Total,2009-05-07,Lebanon,4813026,0.020943165484665988
248,Lebanon,1242,Total,2009-05-08,Lebanon,4813026,0.025804971757892023
249,Lebanon,1216,Total,2009-05-09,Lebanon,4813026,0.025264771060866907
250,Lebanon,1352,Total,2009-05-10,Lebanon,4813026,0.028090436245305966
251,Lebanon,1239,Total,2009-05-11,Lebanon,4813026,0.02574264090823528
252,Lebanon,2293,Total,2009-05-12,Lebanon,4813026,0.04764154608763801
253,Lebanon,1504,Total,2009-05-13,Lebanon,4813026,0.031248532627914327
254,Lebanon,1661,Total,2009-05-14,Lebanon,4813026,0.0345105137599506
255,Lebanon,1845,Total,2009-05-15,Lebanon,4813026,0.038333472538897566
256,Lebanon,2414,Total,2009-05-16,Lebanon,4813026,0.050155557023793346
257,Lebanon,1712,Total,2009-05-17,Lebanon,4813026,0.03557013820411525
258,Lebanon,1161,Total,2009-05-18,Lebanon,4813026,0.024122038817159932
259,Lebanon,2563,Total,2009-05-19,Lebanon,4813026,0.053251322556744966
260,Lebanon,1389,Total,2009-05-20,Lebanon,4813026,0.028859183391072477
261,Lebanon,1962,Total,2009-05-21,Lebanon,4813026,0.040764375675510583
262,Lebanon,1268,Total,2009-05-22,Lebanon,4813026,0.026345172454917135
263,Lebanon,1460,Total,2009-05-23,Lebanon,4813026,0.030334346832948753
264,Lebanon,2548,Total,2009-05-24,Lebanon,4813026,0.052939668308461245
265,Lebanon,809,Total,2009-05-25,Lebanon,4813026,0.0168085524574353
266,Lebanon,1281,Total,2009-05-26,Lebanon,4813026,0.026615272803429693
267,Lebanon,910,Total,2009-05-27,Lebanon,4813026,0.018907024395879015
268,Lebanon,1925,Total,2009-05-28,Lebanon,4813026,0.03999562852974407
269,Lebanon,1827,Total,2009-05-29,Lebanon,4813026,0.037959487440957104
270,Lebanon,568,Total,2009-05-30,Lebanon,4813026,0.0118013075350102
271,Lebanon,715,Total,2009-05-31,Lebanon,4813026,0.014855519168190657
272,Lebanon,1431,Total,2009-06-01,Lebanon,4813026,0.029731815286266894
273,Lebanon,2200,Total,2009-06-02,Lebanon,4813026,0.04570928974827894
274,Lebanon,2175,Total,2009-06-03,Lebanon,4813026,0.0451898660011394
275,Lebanon,1872,Total,2009-06-04,Lebanon,4813026,0.03889445018580826
276,Lebanon,1386,Total,2009-06-05,Lebanon,4813026,0.028796852541415733
277,Lebanon,872,Total,2009-06-06,Lebanon,4813026,0.018117500300226925
278,Lebanon,2010,Total,2009-06-07,Lebanon,4813026,0.04176166927001849
279,Lebanon,803,Total,2009-06-08,Lebanon,4813026,0.01668389075812181
280,Lebanon,641,Total,2009-06-09,Lebanon,4813026,0.013318024876657637
281,Lebanon,1552,Total,2009-06-10,Lebanon,4813026,0.03224582622242223
282,Lebanon,1734,Total,2009-06-11,Lebanon,4813026,0.03602723110159804
283,Lebanon,1494,Total,2009-06-12,Lebanon,4813026,0.03104076312905852
284,Lebanon,821,Total,2009-06-13,Lebanon,4813026,0.017057875856062277
285,Lebanon,1764,Total,2009-06-14,Lebanon,4813026,0.03665053959816548
286,Lebanon,828,Total,2009-06-15,Lebanon,4813026,0.017203314505261347
287,Lebanon,747,Total,2009-06-16,Lebanon,4813026,0.01552038156452926
288,Lebanon,2073,Total,2009-06-17,Lebanon,4813026,0.04307061711281011
289,Lebanon,1406,Total,2009-06-18,Lebanon,4813026,0.02921239153912736
290,Lebanon,1449,Total,2009-06-19,Lebanon,4813026,0.030105800384207355
291,Lebanon,722,Total,2009-06-20,Lebanon,4813026,0.015000957817389726
292,Lebanon,731,Total,2009-06-21,Lebanon,4813026,0.015187950366359957
293,Lebanon,1225,Total,2009-06-22,Lebanon,4813026,0.025451763609837134
294,Lebanon,466,Total,2009-06-23,Lebanon,4813026,0.009682058646680904
295,Lebanon,1610,Total,2009-06-24,Lebanon,4813026,0.03345088931578595
296,Lebanon,495,Total,2009-06-25,Lebanon,4813026,0.010284590193362761
297,Lebanon,765,Total,2009-06-26,Lebanon,4813026,0.01589436666246972
298,Lebanon,1106,Total,2009-06-27,Lebanon,4813026,0.022979306573452957
299,Lebanon,798,Total,2009-06-28,Lebanon,4813026,0.016580006008693908
300,Lebanon,675,Total,2009-06-29,Lebanon,4813026,0.014024441172767401
301,Pakistan,238094,Total,Total,Nairobi,3115959,7.641114661649913
302,Pakistan,206,Total,2009-04-16,Nairobi,3115959,0.006611126783118776
303,Pakistan,539,Total,2009-04-17,Nairobi,3115959,0.01729804532087874
304,Pakistan,1117,Total,2009-04-18,Nairobi,3115959,0.03584771173176541
305,Pakistan,1303,Total,2009-04-19,Nairobi,3115959,0.04181698154564935
306,Pakistan,1106,Total,2009-04-20,Nairobi,3115959,0.03549469039868625
307,Pakistan,951,Total,2009-04-21,Nairobi,3115959,0.03052029888711629
308,Pakistan,2373,Total,2009-04-22,Nairobi,3115959,0.0761563293997129
309,Pakistan,1797,Total,2009-04-23,Nairobi,3115959,0.05767084868574971
310,Pakistan,3837,Total,2009-04-24,Nairobi,3115959,0.12314025954770266
311,Pakistan,2483,Total,2009-04-25,Nairobi,3115959,0.07968654273050448
312,Pakistan,3217,Total,2009-04-26,Nairobi,3115959,0.10324269350142283
313,Pakistan,2970,Total,2009-04-27,Nairobi,3115959,0.09531575993137265
314,Pakistan,4565,Total,2009-04-28,Nairobi,3115959,0.14650385322785056
315,Pakistan,6355,Total,2009-04-29,Nairobi,3115959,0.20395005197436808
316,Pakistan,4017,Total,2009-04-30,Nairobi,3115959,0.12891697227081614
317,Pakistan,4680,Total,2009-05-01,Nairobi,3115959,0.15019453080095085
318,Pakistan,4687,Total,2009-05-02,Nairobi,3115959,0.15041918074018304
319,Pakistan,5103,Total,2009-05-03,Nairobi,3115959,0.16376980570026756
320,Pakistan,4968,Total,2009-05-04,Nairobi,3115959,0.15943727115793244
321,Pakistan,6613,Total,2009-05-05,Nairobi,3115959,0.2122300068774974
322,Pakistan,5772,Total,2009-05-06,Nairobi,3115959,0.18523992132117273
323,Pakistan,4592,Total,2009-05-07,Nairobi,3115959,0.14737036013631757
324,Pakistan,5966,Total,2009-05-08,Nairobi,3115959,0.19146593392275058
325,Pakistan,6111,Total,2009-05-09,Nairobi,3115959,0.19611939694970312
326,Pakistan,5575,Total,2009-05-10,Nairobi,3115959,0.1789176301742096
327,Pakistan,7308,Total,2009-05-11,Nairobi,3115959,0.23453453655840786
328,Pakistan,7691,Total,2009-05-12,Nairobi,3115959,0.2468260975192549
329,Pakistan,6627,Total,2009-05-13,Nairobi,3115959,0.2126793067559618
330,Pakistan,7059,Total,2009-05-14,Nairobi,3115959,0.22654341729143418
331,Pakistan,6848,Total,2009-05-15,Nairobi,3115959,0.21977182626600672
332,Pakistan,6937,Total,2009-05-16,Nairobi,3115959,0.2226280897791017
333,Pakistan,5646,Total,2009-05-17,Nairobi,3115959,0.18119622241499325
334,Pakistan,7410,Total,2009-05-18,Nairobi,3115959,0.23780800710150551
335,Pakistan,6151,Total,2009-05-19,Nairobi,3115959,0.1974031108881728
336,Pakistan,6877,Total,2009-05-20,Nairobi,3115959,0.2207025188713972
337,Pakistan,4234,Total,2009-05-21,Nairobi,3115959,0.13588112038701408
338,Pakistan,4259,Total,2009-05-22,Nairobi,3115959,0.1366834415985576
339,Pakistan,4830,Total,2009-05-23,Nairobi,3115959,0.1550084580702121
340,Pakistan,4991,Total,2009-05-24,Nairobi,3115959,0.1601754066725525
341,Pakistan,3566,Total,2009-05-25,Nairobi,3115959,0.11444309761457067
342,Pakistan,3010,Total,2009-05-26,Nairobi,3115959,0.09659947386984231
343,Pakistan,3173,Total,2009-05-27,Nairobi,3115959,0.10183060816910619
344,Pakistan,1518,Total,2009-05-28,Nairobi,3115959,0.0487169439649238
345,Pakistan,1802,Total,2009-05-29,Nairobi,3115959,0.05783131292805843
346,Pakistan,3335,Total,2009-05-30,Nairobi,3115959,0.10702964961990834
347,Pakistan,1588,Total,2009-05-31,Nairobi,3115959,0.050963443357245716
348,Pakistan,1777,Total,2009-06-01,Nairobi,3115959,0.05702899171651488
349,Pakistan,2193,Total,2009-06-02,Nairobi,3115959,0.07037961667659941
350,Pakistan,2031,Total,2009-06-03,Nairobi,3115959,0.06518057522579726
351,Pakistan,1608,Total,2009-06-04,Nairobi,3115959,0.051605300326480544
352,Pakistan,634,Total,2009-06-05,Nairobi,3115959,0.020346865924744197
353,Pakistan,215,Total,2009-06-06,Nairobi,3115959,0.006899962419274451
354,Pakistan,1595,Total,2009-06-07,Nairobi,3115959,0.0511880932964779
355,Pakistan,2597,Total,2009-06-08,Nairobi,3115959,0.08334512745514303
356,Pakistan,2071,Total,2009-06-09,Nairobi,3115959,0.06646428916426692
357,Pakistan,2414,Total,2009-06-10,Nairobi,3115959,0.07747213618664431
358,Pakistan,1530,Total,2009-06-11,Nairobi,3115959,0.049102058146464705
359,Pakistan,1772,Total,2009-06-12,Nairobi,3115959,0.056868527474206176
360,Pakistan,1092,Total,2009-06-13,Nairobi,3115959,0.03504539052022187
361,Pakistan,1257,Total,2009-06-14,Nairobi,3115959,0.04034071051640923
362,Pakistan,1816,Total,2009-06-15,Nairobi,3115959,0.05828061280652281
363,Pakistan,1387,Total,2009-06-16,Nairobi,3115959,0.04451278081643565
364,Pakistan,787,Total,2009-06-17,Nairobi,3115959,0.02525707173939067
365,Pakistan,966,Total,2009-06-18,Nairobi,3115959,0.03100169161404242
366,Pakistan,759,Total,2009-06-19,Nairobi,3115959,0.0243584719824619
367,Pakistan,888,Total,2009-06-20,Nairobi,3115959,0.028498449434026574
368,Pakistan,1202,Total,2009-06-21,Nairobi,3115959,0.03857560385101344
369,Pakistan,1717,Total,2009-06-22,Nairobi,3115959,0.05510342080881039
370,Pakistan,1302,Total,2009-06-23,Nairobi,3115959,0.041784888697187605
371,Pakistan,1535,Total,2009-06-24,Nairobi,3115959,0.04926252238877341
372,Pakistan,948,Total,2009-06-25,Nairobi,3115959,0.030424020341731067
373,Pakistan,2036,Total,2009-06-26,Nairobi,3115959,0.06534103946810596
374,Pakistan,1113,Total,2009-06-27,Nairobi,3115959,0.03571934033791844
375,Pakistan,1776,Total,2009-06-28,Nairobi,3115959,0.05699689886805315
376,Pakistan,1313,Total,2009-06-29,Nairobi,3115959,0.04213791003026676
377,Saudi Arabia,224723,Total,Total,Saudi Arabia,26630303,0.8438619718296108
378,Saudi Arabia,190,Total,2009-04-16,Saudi Arabia,26630303,0.0007134729184268012
379,Saudi Arabia,628,Total,2009-04-17,Saudi Arabia,26630303,0.002358215751431743
380,Saudi Arabia,506,Total,2009-04-18,Saudi Arabia,26630303,0.0019000910353892707
381,Saudi Arabia,722,Total,2009-04-19,Saudi Arabia,26630303,0.0027111970900218444
382,Saudi Arabia,1452,Total,2009-04-20,Saudi Arabia,26630303,0.005452435145030081
383,Saudi Arabia,4408,Total,2009-04-21,Saudi Arabia,26630303,0.01655257170750179
384,Saudi Arabia,3735,Total,2009-04-22,Saudi Arabia,26630303,0.014025375528021593
385,Saudi Arabia,1700,Total,2009-04-23,Saudi Arabia,26630303,0.006383705059608222
386,Saudi Arabia,2915,Total,2009-04-24,Saudi Arabia,26630303,0.01094617661691645
387,Saudi Arabia,3855,Total,2009-04-25,Saudi Arabia,26630303,0.014475990002817466
388,Saudi Arabia,140,Total,2009-04-26,Saudi Arabia,26630303,0.0005257168872618536
389,Saudi Arabia,4074,Total,2009-04-27,Saudi Arabia,26630303,0.015298361419319938
390,Saudi Arabia,4835,Total,2009-04-28,Saudi Arabia,26630303,0.018156008213650442
391,Saudi Arabia,6899,Total,2009-04-29,Saudi Arabia,26630303,0.025906577180139483
392,Saudi Arabia,3591,Total,2009-04-30,Saudi Arabia,26630303,0.013484638158266544
393,Saudi Arabia,5213,Total,2009-05-01,Saudi Arabia,26630303,0.019575443809257447
394,Saudi Arabia,2812,Total,2009-05-02,Saudi Arabia,26630303,0.010559399192716657
395,Saudi Arabia,4427,Total,2009-05-03,Saudi Arabia,26630303,0.01662391899934447
396,Saudi Arabia,3415,Total,2009-05-04,Saudi Arabia,26630303,0.012823736928565928
397,Saudi Arabia,4312,Total,2009-05-05,Saudi Arabia,26630303,0.01619208012766509
398,Saudi Arabia,4401,Total,2009-05-06,Saudi Arabia,26630303,0.016526285863138698
399,Saudi Arabia,6056,Total,2009-05-07,Saudi Arabia,26630303,0.022741010494698462
400,Saudi Arabia,4232,Total,2009-05-08,Saudi Arabia,26630303,0.01589167047780117
401,Saudi Arabia,5870,Total,2009-05-09,Saudi Arabia,26630303,0.02204255805876486
402,Saudi Arabia,5431,Total,2009-05-10,Saudi Arabia,26630303,0.020394060105136617
403,Saudi Arabia,5645,Total,2009-05-11,Saudi Arabia,26630303,0.021197655918522594
404,Saudi Arabia,3796,Total,2009-05-12,Saudi Arabia,26630303,0.014254437886042828
405,Saudi Arabia,4336,Total,2009-05-13,Saudi Arabia,26630303,0.016282203022624266
406,Saudi Arabia,4356,Total,2009-05-14,Saudi Arabia,26630303,0.016357305435090244
407,Saudi Arabia,4864,Total,2009-05-15,Saudi Arabia,26630303,0.01826490671172611
408,Saudi Arabia,4428,Total,2009-05-16,Saudi Arabia,26630303,0.016627674119967767
409,Saudi Arabia,3825,Total,2009-05-17,Saudi Arabia,26630303,0.014363336384118498
410,Saudi Arabia,5545,Total,2009-05-18,Saudi Arabia,26630303,0.020822143856192698
411,Saudi Arabia,6391,Total,2009-05-19,Saudi Arabia,26630303,0.02399897590350361
412,Saudi Arabia,6098,Total,2009-05-20,Saudi Arabia,26630303,0.02289872556087702
413,Saudi Arabia,5499,Total,2009-05-21,Saudi Arabia,26630303,0.020649408307520947
414,Saudi Arabia,4433,Total,2009-05-22,Saudi Arabia,26630303,0.01664644972308426
415,Saudi Arabia,5171,Total,2009-05-23,Saudi Arabia,26630303,0.019417728743078892
416,Saudi Arabia,4811,Total,2009-05-24,Saudi Arabia,26630303,0.018065885318691265
417,Saudi Arabia,4045,Total,2009-05-25,Saudi Arabia,26630303,0.01518946292124427
418,Saudi Arabia,3076,Total,2009-05-26,Saudi Arabia,26630303,0.011550751037267583
419,Saudi Arabia,3476,Total,2009-05-27,Saudi Arabia,26630303,0.013052799286587162
420,Saudi Arabia,3919,Total,2009-05-28,Saudi Arabia,26630303,0.0147163177227086
421,Saudi Arabia,2932,Total,2009-05-29,Saudi Arabia,26630303,0.011010013667512532
422,Saudi Arabia,1978,Total,2009-05-30,Saudi Arabia,26630303,0.0074276285928853315
423,Saudi Arabia,2246,Total,2009-05-31,Saudi Arabia,26630303,0.00843400091992945
424,Saudi Arabia,1542,Total,2009-06-01,Saudi Arabia,26630303,0.005790396001126986
425,Saudi Arabia,1563,Total,2009-06-02,Saudi Arabia,26630303,0.005869253534216265
426,Saudi Arabia,1683,Total,2009-06-03,Saudi Arabia,26630303,0.00631986800901214
427,Saudi Arabia,1321,Total,2009-06-04,Saudi Arabia,26630303,0.004960514343377918
428,Saudi Arabia,2700,Total,2009-06-05,Saudi Arabia,26630303,0.010138825682907174
429,Saudi Arabia,1334,Total,2009-06-06,Saudi Arabia,26630303,0.005009330911480805
430,Saudi Arabia,2230,Total,2009-06-07,Saudi Arabia,26630303,0.008373918989956668
431,Saudi Arabia,2286,Total,2009-06-08,Saudi Arabia,26630303,0.008584205744861408
432,Saudi Arabia,1824,Total,2009-06-09,Saudi Arabia,26630303,0.0068493400168972915
433,Saudi Arabia,2909,Total,2009-06-10,Saudi Arabia,26630303,0.010923645893176657
434,Saudi Arabia,2270,Total,2009-06-11,Saudi Arabia,26630303,0.008524123814888625
435,Saudi Arabia,1756,Total,2009-06-12,Saudi Arabia,26630303,0.006593991814512964
436,Saudi Arabia,2335,Total,2009-06-13,Saudi Arabia,26630303,0.008768206655403057
437,Saudi Arabia,409,Total,2009-06-14,Saudi Arabia,26630303,0.001535844334929272
438,Saudi Arabia,1339,Total,2009-06-15,Saudi Arabia,26630303,0.005028106514597299
439,Saudi Arabia,333,Total,2009-06-16,Saudi Arabia,26630303,0.0012504551675585516
440,Saudi Arabia,1178,Total,2009-06-17,Saudi Arabia,26630303,0.004423532094246168
441,Saudi Arabia,495,Total,2009-06-18,Saudi Arabia,26630303,0.0018587847085329821
442,Saudi Arabia,1674,Total,2009-06-19,Saudi Arabia,26630303,0.006286071923402449
443,Saudi Arabia,1918,Total,2009-06-20,Saudi Arabia,26630303,0.007202321355487394
444,Saudi Arabia,1672,Total,2009-06-21,Saudi Arabia,26630303,0.006278561682155851
445,Saudi Arabia,2003,Total,2009-06-22,Saudi Arabia,26630303,0.007521506608467805
446,Saudi Arabia,1588,Total,2009-06-23,Saudi Arabia,26630303,0.005963131549798739
447,Saudi Arabia,1342,Total,2009-06-24,Saudi Arabia,26630303,0.005039371876467196
448,Saudi Arabia,2494,Total,2009-06-25,Saudi Arabia,26630303,0.00936527083450759
449,Saudi Arabia,1708,Total,2009-06-26,Saudi Arabia,26630303,0.006413746024594613
450,Saudi Arabia,1208,Total,2009-06-27,Saudi Arabia,26630303,0.004536185712945136
451,Saudi Arabia,1279,Total,2009-06-28,Saudi Arabia,26630303,0.004802799277199362
452,Saudi Arabia,1641,Total,2009-06-29,Saudi Arabia,26630303,0.0061621529428335835
453,Syria,307497,Total,Total,Aleppo,2977315,10.327996869662767
454,Syria,427,Total,2009-04-16,Aleppo,2977315,0.014341781101428636
455,Syria,1619,Total,2009-04-17,Aleppo,2977315,0.05437785387169312
456,Syria,2385,Total,2009-04-18,Aleppo,2977315,0.0801057328499
457,Syria,3488,Total,2009-04-19,Aleppo,2977315,0.11715253508614305
458,Syria,5038,Total,2009-04-20,Aleppo,2977315,0.16921286461123528
459,Syria,5836,Total,2009-04-21,Aleppo,2977315,0.19601553748931502
460,Syria,4664,Total,2009-04-22,Aleppo,2977315,0.1566512109064711
461,Syria,4989,Total,2009-04-23,Aleppo,2977315,0.16756708645205495
462,Syria,3955,Total,2009-04-24,Aleppo,2977315,0.13283780856241278
463,Syria,6269,Total,2009-04-25,Aleppo,2977315,0.21055884244696985
464,Syria,4024,Total,2009-04-26,Aleppo,2977315,0.13515533290901366
465,Syria,6972,Total,2009-04-27,Aleppo,2977315,0.234170720934802
466,Syria,7348,Total,2009-04-28,Aleppo,2977315,0.24679954925830827
467,Syria,8131,Total,2009-04-29,Aleppo,2977315,0.27309841249582256
468,Syria,4602,Total,2009-04-30,Aleppo,2977315,0.15456879772546742
469,Syria,5427,Total,2009-05-01,Aleppo,2977315,0.1822783279565649
470,Syria,8807,Total,2009-05-02,Aleppo,2977315,0.295803433630637
471,Syria,5574,Total,2009-05-03,Aleppo,2977315,0.1872156624341059
472,Syria,6931,Total,2009-05-04,Aleppo,2977315,0.23279364125058988
473,Syria,9327,Total,2009-05-05,Aleppo,2977315,0.3132688345035712
474,Syria,11479,Total,2009-05-06,Aleppo,2977315,0.38554872427002185
475,Syria,11066,Total,2009-05-07,Aleppo,2977315,0.3716771654997876
476,Syria,8145,Total,2009-05-08,Aleppo,2977315,0.27356863482701693
477,Syria,9835,Total,2009-05-09,Aleppo,2977315,0.330331187664053
478,Syria,11165,Total,2009-05-10,Aleppo,2977315,0.37500230912751925
479,Syria,9429,Total,2009-05-11,Aleppo,2977315,0.31669474005941595
480,Syria,9266,Total,2009-05-12,Aleppo,2977315,0.3112200086319385
481,Syria,9532,Total,2009-05-13,Aleppo,2977315,0.32015423292463174
482,Syria,8081,Total,2009-05-14,Aleppo,2977315,0.2714190470272712
483,Syria,8117,Total,2009-05-15,Aleppo,2977315,0.2726281901646282
484,Syria,8130,Total,2009-05-16,Aleppo,2977315,0.27306482518645153
485,Syria,8145,Total,2009-05-17,Aleppo,2977315,0.27356863482701693
486,Syria,7082,Total,2009-05-18,Aleppo,2977315,0.237865324965615
487,Syria,6707,Total,2009-05-19,Aleppo,2977315,0.2252700839514798
488,Syria,6879,Total,2009-05-20,Aleppo,2977315,0.23104710116329646
489,Syria,6437,Total,2009-05-21,Aleppo,2977315,0.21620151042130242
490,Syria,5518,Total,2009-05-22,Aleppo,2977315,0.1853347731093284
491,Syria,5194,Total,2009-05-23,Aleppo,2977315,0.17445248487311554
492,Syria,4413,Total,2009-05-24,Aleppo,2977315,0.14822079625434326
493,Syria,3622,Total,2009-05-25,Aleppo,2977315,0.12165323454186071
494,Syria,2749,Total,2009-05-26,Aleppo,2977315,0.0923315134609539
495,Syria,2359,Total,2009-05-27,Aleppo,2977315,0.07923246280625328
496,Syria,2289,Total,2009-05-28,Aleppo,2977315,0.07688135115028137
497,Syria,2046,Total,2009-05-29,Aleppo,2977315,0.06871963497312175
498,Syria,1507,Total,2009-05-30,Aleppo,2977315,0.05061607522213806
499,Syria,1596,Total,2009-05-31,Aleppo,2977315,0.053605345756159495
500,Syria,1666,Total,2009-06-01,Aleppo,2977315,0.0559564574121314
501,Syria,1416,Total,2009-06-02,Aleppo,2977315,0.04755963006937459
502,Syria,609,Total,2009-06-03,Aleppo,2977315,0.020454671406955595
503,Syria,1537,Total,2009-06-04,Aleppo,2977315,0.05162369450326888
504,Syria,2016,Total,2009-06-05,Aleppo,2977315,0.06771201569199094
505,Syria,2063,Total,2009-06-06,Aleppo,2977315,0.06929061923242923
506,Syria,1516,Total,2009-06-07,Aleppo,2977315,0.05091836100647731
507,Syria,657,Total,2009-06-08,Aleppo,2977315,0.022066862256764904
508,Syria,652,Total,2009-06-09,Aleppo,2977315,0.02189892570990977
509,Syria,1184,Total,2009-06-10,Aleppo,2977315,0.03976737429529626
510,Syria,1298,Total,2009-06-11,Aleppo,2977315,0.04359632756359337
511,Syria,1140,Total,2009-06-12,Aleppo,2977315,0.03828953268297106
512,Syria,454,Total,2009-06-13,Aleppo,2977315,0.015248638454446373
513,Syria,599,Total,2009-06-14,Aleppo,2977315,0.020118798313245322
514,Syria,704,Total,2009-06-15,Aleppo,2977315,0.023645465797203186
515,Syria,962,Total,2009-06-16,Aleppo,2977315,0.03231099161492822
516,Syria,1165,Total,2009-06-17,Aleppo,2977315,0.03912921541724675
517,Syria,904,Total,2009-06-18,Aleppo,2977315,0.030362927671408635
518,Syria,1130,Total,2009-06-19,Aleppo,2977315,0.037953659589260794
519,Syria,876,Total,2009-06-20,Aleppo,2977315,0.02942248300901987
520,Syria,1135,Total,2009-06-21,Aleppo,2977315,0.03812159613611593
521,Syria,885,Total,2009-06-22,Aleppo,2977315,0.029724768793359117
522,Syria,869,Total,2009-06-23,Aleppo,2977315,0.029187371843422683
523,Syria,1029,Total,2009-06-24,Aleppo,2977315,0.034561341342787044
524,Syria,713,Total,2009-06-25,Aleppo,2977315,0.02394775158154243
525,Syria,341,Total,2009-06-26,Aleppo,2977315,0.011453272495520294
526,Syria,1400,Total,2009-06-27,Aleppo,2977315,0.04702223311943815
527,Syria,1269,Total,2009-06-28,Aleppo,2977315,0.04262229559183359
528,Syria,707,Total,2009-06-29,Aleppo,2977315,0.023746227725316267
529,Thailand,7172,Total,Total,Thailand,66866834,0.010725795691179277
530,Thailand,19,Total,2009-04-16,Thailand,66866834,2.841468462526579e-05
531,Thailand,8,Total,2009-04-17,Thailand,66866834,1.196407773695402e-05
532,Thailand,11,Total,2009-04-18,Thailand,66866834,1.6450606888311774e-05
533,Thailand,17,Total,2009-04-19,Thailand,66866834,2.542366519102729e-05
534,Thailand,13,Total,2009-04-21,Thailand,66866834,1.944162632255028e-05
535,Thailand,28,Total,2009-04-22,Thailand,66866834,4.1874272079339066e-05
536,Thailand,2,Total,2009-04-23,Thailand,66866834,2.991019434238505e-06
537,Thailand,11,Total,2009-04-24,Thailand,66866834,1.6450606888311774e-05
538,Thailand,18,Total,2009-04-25,Thailand,66866834,2.6919174908146537e-05
539,Thailand,5,Total,2009-04-26,Thailand,66866834,7.477548585596262e-06
540,Thailand,28,Total,2009-04-27,Thailand,66866834,4.1874272079339066e-05
541,Thailand,7,Total,2009-04-28,Thailand,66866834,1.0468568019834766e-05
542,Thailand,2,Total,2009-04-29,Thailand,66866834,2.991019434238505e-06
543,Thailand,21,Total,2009-04-30,Thailand,66866834,3.1405704059504296e-05
544,Thailand,19,Total,2009-05-01,Thailand,66866834,2.841468462526579e-05
545,Thailand,25,Total,2009-05-02,Thailand,66866834,3.738774292798131e-05
546,Thailand,19,Total,2009-05-03,Thailand,66866834,2.841468462526579e-05
547,Thailand,29,Total,2009-05-04,Thailand,66866834,4.336978179645832e-05
548,Thailand,24,Total,2009-05-05,Thailand,66866834,3.5892233210862054e-05
549,Thailand,35,Total,2009-05-06,Thailand,66866834,5.234284009917383e-05
550,Thailand,29,Total,2009-05-07,Thailand,66866834,4.336978179645832e-05
551,Thailand,35,Total,2009-05-08,Thailand,66866834,5.234284009917383e-05
552,Thailand,90,Total,2009-05-09,Thailand,66866834,0.00013459587454073269
553,Thailand,85,Total,2009-05-10,Thailand,66866834,0.00012711832595513643
554,Thailand,93,Total,2009-05-11,Thailand,66866834,0.00013908240369209045
555,Thailand,78,Total,2009-05-12,Thailand,66866834,0.00011664975793530168
556,Thailand,62,Total,2009-05-13,Thailand,66866834,9.272160246139365e-05
557,Thailand,40,Total,2009-05-14,Thailand,66866834,5.982038868477009e-05
558,Thailand,69,Total,2009-05-15,Thailand,66866834,0.00010319017048122841
559,Thailand,82,Total,2009-05-16,Thailand,66866834,0.0001226317968037787
560,Thailand,59,Total,2009-05-17,Thailand,66866834,8.823507331003588e-05
561,Thailand,37,Total,2009-05-18,Thailand,66866834,5.5333859533412334e-05
562,Thailand,121,Total,2009-05-19,Thailand,66866834,0.00018095667577142953
563,Thailand,15,Total,2009-05-20,Thailand,66866834,2.2432645756788786e-05
564,Thailand,173,Total,2009-05-21,Thailand,66866834,0.0002587231810616307
565,Thailand,163,Total,2009-05-22,Thailand,66866834,0.0002437680838904381
566,Thailand,24,Total,2009-05-23,Thailand,66866834,3.5892233210862054e-05
567,Thailand,120,Total,2009-05-24,Thailand,66866834,0.00017946116605431028
568,Thailand,119,Total,2009-05-25,Thailand,66866834,0.000177965656337191
569,Thailand,93,Total,2009-05-26,Thailand,66866834,0.00013908240369209045
570,Thailand,119,Total,2009-05-27,Thailand,66866834,0.000177965656337191
571,Thailand,88,Total,2009-05-28,Thailand,66866834,0.0001316048551064942
572,Thailand,132,Total,2009-05-29,Thailand,66866834,0.0001974072826597413
573,Thailand,243,Total,2009-05-30,Thailand,66866834,0.0003634088612599783
574,Thailand,108,Total,2009-05-31,Thailand,66866834,0.00016151504944887925
575,Thailand,251,Total,2009-06-01,Thailand,66866834,0.0003753729389969323
576,Thailand,157,Total,2009-06-02,Thailand,66866834,0.0002347950255877226
577,Thailand,78,Total,2009-06-03,Thailand,66866834,0.00011664975793530168
578,Thailand,97,Total,2009-06-04,Thailand,66866834,0.00014506444256056746
579,Thailand,170,Total,2009-06-05,Thailand,66866834,0.00025423665191027286
580,Thailand,113,Total,2009-06-06,Thailand,66866834,0.0001689925980344755
581,Thailand,184,Total,2009-06-07,Thailand,66866834,0.0002751737879499424
582,Thailand,195,Total,2009-06-08,Thailand,66866834,0.0002916243948382542
583,Thailand,33,Total,2009-06-09,Thailand,66866834,4.935182066493532e-05
584,Thailand,191,Total,2009-06-10,Thailand,66866834,0.00028564235596977716
585,Thailand,202,Total,2009-06-11,Thailand,66866834,0.00030209296285808895
586,Thailand,140,Total,2009-06-12,Thailand,66866834,0.00020937136039669531
587,Thailand,86,Total,2009-06-13,Thailand,66866834,0.00012861383567225568
588,Thailand,83,Total,2009-06-14,Thailand,66866834,0.00012412730652089794
589,Thailand,157,Total,2009-06-15,Thailand,66866834,0.0002347950255877226
590,Thailand,199,Total,2009-06-16,Thailand,66866834,0.0002976064337067312
591,Thailand,245,Total,2009-06-17,Thailand,66866834,0.00036639988069421677
592,Thailand,89,Total,2009-06-18,Thailand,66866834,0.00013310036482361344
593,Thailand,363,Total,2009-06-19,Thailand,66866834,0.0005428700273142886
594,Thailand,165,Total,2009-06-20,Thailand,66866834,0.00024675910332467665
595,Thailand,189,Total,2009-06-21,Thailand,66866834,0.00028265133653553867
596,Thailand,159,Total,2009-06-22,Thailand,66866834,0.00023778604502196112
597,Thailand,187,Total,2009-06-23,Thailand,66866834,0.0002796603171013002
598,Thailand,67,Total,2009-06-24,Thailand,66866834,0.00010019915104698989
599,Thailand,26,Total,2009-06-25,Thailand,66866834,3.888325264510056e-05
600,Thailand,95,Total,2009-06-26,Thailand,66866834,0.00014207342312632897
601,Thailand,176,Total,2009-06-27,Thailand,66866834,0.0002632097102129884
602,Thailand,126,Total,2009-06-28,Thailand,66866834,0.0001884342243570258
603,Thailand,331,Total,2009-06-29,Thailand,66866834,0.0004950137163664725
604,Turkey,52511,Total,Total,Turkey,71321405,0.07362586309117158
605,Turkey,37,Total,2009-04-16,Turkey,71321405,5.187783387049092e-05
606,Turkey,84,Total,2009-04-17,Turkey,71321405,0.00011777670392219558
607,Turkey,27,Total,2009-04-18,Turkey,71321405,3.785679768927715e-05
608,Turkey,23,Total,2009-04-19,Turkey,71321405,3.224838321679165e-05
609,Turkey,34,Total,2009-04-20,Turkey,71321405,4.7671523016126784e-05
610,Turkey,37,Total,2009-04-21,Turkey,71321405,5.187783387049092e-05
611,Turkey,66,Total,2009-04-22,Turkey,71321405,9.253883879601083e-05
612,Turkey,186,Total,2009-04-23,Turkey,71321405,0.0002607912729705759
613,Turkey,182,Total,2009-04-24,Turkey,71321405,0.00025518285849809044
614,Turkey,218,Total,2009-04-25,Turkey,71321405,0.00030565858875046
615,Turkey,392,Total,2009-04-26,Turkey,71321405,0.0005496246183035794
616,Turkey,256,Total,2009-04-27,Turkey,71321405,0.0003589385262390723
617,Turkey,117,Total,2009-04-28,Turkey,71321405,0.000164046123320201
618,Turkey,322,Total,2009-04-29,Turkey,71321405,0.0004514773650350831
619,Turkey,464,Total,2009-04-30,Turkey,71321405,0.0006505760788083184
620,Turkey,985,Total,2009-05-01,Turkey,71321405,0.0013810720638495555
621,Turkey,157,Total,2009-05-02,Turkey,71321405,0.00022013026804505606
622,Turkey,505,Total,2009-05-03,Turkey,71321405,0.000708062327151295
623,Turkey,557,Total,2009-05-04,Turkey,71321405,0.0007809717152936065
624,Turkey,340,Total,2009-05-05,Turkey,71321405,0.00047671523016126787
625,Turkey,290,Total,2009-05-06,Turkey,71321405,0.00040661004925519905
626,Turkey,1006,Total,2009-05-07,Turkey,71321405,0.0014105162398301042
627,Turkey,958,Total,2009-05-08,Turkey,71321405,0.001343215266160278
628,Turkey,611,Total,2009-05-09,Turkey,71321405,0.0008566853106721607
629,Turkey,1008,Total,2009-05-10,Turkey,71321405,0.001413320447066347
630,Turkey,1167,Total,2009-05-11,Turkey,71321405,0.001636254922347646
631,Turkey,513,Total,2009-05-12,Turkey,71321405,0.0007192791560962659
632,Turkey,538,Total,2009-05-13,Turkey,71321405,0.0007543317465493004
633,Turkey,576,Total,2009-05-14,Turkey,71321405,0.0008076116840379126
634,Turkey,380,Total,2009-05-15,Turkey,71321405,0.0005327993748861228
635,Turkey,964,Total,2009-05-16,Turkey,71321405,0.0013516278878690064
636,Turkey,364,Total,2009-05-17,Turkey,71321405,0.0005103657169961809
637,Turkey,755,Total,2009-05-18,Turkey,71321405,0.001058588231681639
638,Turkey,834,Total,2009-05-19,Turkey,71321405,0.0011693544175132276
639,Turkey,980,Total,2009-05-20,Turkey,71321405,0.0013740615457589484
640,Turkey,698,Total,2009-05-21,Turkey,71321405,0.0009786683254487205
641,Turkey,1120,Total,2009-05-22,Turkey,71321405,0.0015703560522959412
642,Turkey,706,Total,2009-05-23,Turkey,71321405,0.0009898851543936914
643,Turkey,1026,Total,2009-05-24,Turkey,71321405,0.0014385583121925317
644,Turkey,953,Total,2009-05-26,Turkey,71321405,0.0013362047480696714
645,Turkey,1226,Total,2009-05-27,Turkey,71321405,0.001718979035816807
646,Turkey,1081,Total,2009-05-28,Turkey,71321405,0.0015156740111892074
647,Turkey,1136,Total,2009-05-29,Turkey,71321405,0.001592789710185883
648,Turkey,1316,Total,2009-05-30,Turkey,71321405,0.0018451683614477308
649,Turkey,1386,Total,2009-05-31,Turkey,71321405,0.0019433156147162273
650,Turkey,355,Total,2009-06-01,Turkey,71321405,0.0004977467844330884
651,Turkey,1490,Total,2009-06-02,Turkey,71321405,0.0020891343910008505
652,Turkey,918,Total,2009-06-03,Turkey,71321405,0.001287131121435423
653,Turkey,975,Total,2009-06-04,Turkey,71321405,0.0013670510276683418
654,Turkey,392,Total,2009-06-05,Turkey,71321405,0.0005496246183035794
655,Turkey,1061,Total,2009-06-06,Turkey,71321405,0.0014876319388267799
656,Turkey,431,Total,2009-06-07,Turkey,71321405,0.0006043066594103131
657,Turkey,816,Total,2009-06-08,Turkey,71321405,0.001144116552387043
658,Turkey,823,Total,2009-06-09,Turkey,71321405,0.0011539312777138924
659,Turkey,588,Total,2009-06-10,Turkey,71321405,0.000824436927455369
660,Turkey,739,Total,2009-06-11,Turkey,71321405,0.001036154573791697
661,Turkey,1410,Total,2009-06-12,Turkey,71321405,0.00197696610155114
662,Turkey,649,Total,2009-06-13,Turkey,71321405,0.0009099652481607731
663,Turkey,408,Total,2009-06-14,Turkey,71321405,0.0005720582761935215
664,Turkey,1479,Total,2009-06-15,Turkey,71321405,0.002073711251201515
665,Turkey,600,Total,2009-06-16,Turkey,71321405,0.0008412621708728256
666,Turkey,576,Total,2009-06-17,Turkey,71321405,0.0008076116840379126
667,Turkey,1294,Total,2009-06-18,Turkey,71321405,0.0018143220818490607
668,Turkey,633,Total,2009-06-19,Turkey,71321405,0.000887531590270831
669,Turkey,508,Total,2009-06-20,Turkey,71321405,0.000712268638005659
670,Turkey,655,Total,2009-06-21,Turkey,71321405,0.0009183778698695013
671,Turkey,1052,Total,2009-06-22,Turkey,71321405,0.0014750130062636875
672,Turkey,1027,Total,2009-06-23,Turkey,71321405,0.0014399604158106532
673,Turkey,1411,Total,2009-06-24,Turkey,71321405,0.0019783682051692617
674,Turkey,878,Total,2009-06-25,Turkey,71321405,0.0012310469767105683
675,Turkey,1252,Total,2009-06-26,Turkey,71321405,0.0017554337298879628
676,Turkey,1773,Total,2009-06-27,Turkey,71321405,0.0024859297149291996
677,Turkey,605,Total,2009-06-28,Turkey,71321405,0.0008482726889634326
678,Turkey,1132,Total,2009-06-29,Turkey,71321405,0.0015871812957133978
679,Venezuela,18460,Total,Total,Venezuela,28031010,0.0658556363113566
680,Venezuela,10,Total,2009-04-16,Venezuela,28031010,3.567477589997649e-05
681,Venezuela,26,Total,2009-04-17,Venezuela,28031010,9.275441733993888e-05
682,Venezuela,19,Total,2009-04-18,Venezuela,28031010,6.778207420995533e-05
683,Venezuela,12,Total,2009-04-19,Venezuela,28031010,4.280973107997179e-05
684,Venezuela,27,Total,2009-04-21,Venezuela,28031010,9.632189492993653e-05
685,Venezuela,4,Total,2009-04-22,Venezuela,28031010,1.4269910359990596e-05
686,Venezuela,58,Total,2009-04-23,Venezuela,28031010,0.00020691370021986365
687,Venezuela,16,Total,2009-04-24,Venezuela,28031010,5.7079641439962384e-05
688,Venezuela,25,Total,2009-04-25,Venezuela,28031010,8.918693974994123e-05
689,Venezuela,33,Total,2009-04-26,Venezuela,28031010,0.00011772676046992242
690,Venezuela,34,Total,2009-04-27,Venezuela,28031010,0.00012129423805992006
691,Venezuela,47,Total,2009-04-28,Venezuela,28031010,0.0001676714467298895
692,Venezuela,48,Total,2009-04-29,Venezuela,28031010,0.00017123892431988717
693,Venezuela,79,Total,2009-04-30,Venezuela,28031010,0.00028183072960981425
694,Venezuela,106,Total,2009-05-01,Venezuela,28031010,0.0003781526245397508
695,Venezuela,122,Total,2009-05-02,Venezuela,28031010,0.00043523226597971316
696,Venezuela,125,Total,2009-05-03,Venezuela,28031010,0.0004459346987497061
697,Venezuela,154,Total,2009-05-04,Venezuela,28031010,0.000549391548859638
698,Venezuela,150,Total,2009-05-05,Venezuela,28031010,0.0005351216384996474
699,Venezuela,169,Total,2009-05-06,Venezuela,28031010,0.0006029037127096027
700,Venezuela,160,Total,2009-05-07,Venezuela,28031010,0.0005707964143996238
701,Venezuela,168,Total,2009-05-08,Venezuela,28031010,0.000599336235119605
702,Venezuela,196,Total,2009-05-09,Venezuela,28031010,0.0006992256076395392
703,Venezuela,214,Total,2009-05-10,Venezuela,28031010,0.0007634402042594969
704,Venezuela,256,Total,2009-05-11,Venezuela,28031010,0.0009132742630393981
705,Venezuela,241,Total,2009-05-12,Venezuela,28031010,0.0008597620991894335
706,Venezuela,325,Total,2009-05-13,Venezuela,28031010,0.001159430216749236
707,Venezuela,296,Total,2009-05-14,Venezuela,28031010,0.0010559733666393042
708,Venezuela,345,Total,2009-05-15,Venezuela,28031010,0.001230779768549189
709,Venezuela,385,Total,2009-05-16,Venezuela,28031010,0.0013734788721490947
710,Venezuela,362,Total,2009-05-17,Venezuela,28031010,0.0012914268875791489
711,Venezuela,447,Total,2009-05-18,Venezuela,28031010,0.001594662482728949
712,Venezuela,519,Total,2009-05-19,Venezuela,28031010,0.00185152086920878
713,Venezuela,404,Total,2009-05-20,Venezuela,28031010,0.0014412609463590501
714,Venezuela,356,Total,2009-05-21,Venezuela,28031010,0.001270022022039163
715,Venezuela,523,Total,2009-05-22,Venezuela,28031010,0.0018657907795687702
716,Venezuela,604,Total,2009-05-23,Venezuela,28031010,0.00215475646435858
717,Venezuela,434,Total,2009-05-24,Venezuela,28031010,0.0015482852740589794
718,Venezuela,545,Total,2009-05-25,Venezuela,28031010,0.0019442752865487189
719,Venezuela,390,Total,2009-05-26,Venezuela,28031010,0.0013913162600990832
720,Venezuela,349,Total,2009-05-27,Venezuela,28031010,0.0012450496789091796
721,Venezuela,400,Total,2009-05-28,Venezuela,28031010,0.0014269910359990597
722,Venezuela,361,Total,2009-05-29,Venezuela,28031010,0.0012878594099891513
723,Venezuela,168,Total,2009-05-30,Venezuela,28031010,0.000599336235119605
724,Venezuela,312,Total,2009-05-31,Venezuela,28031010,0.0011130530080792666
725,Venezuela,366,Total,2009-06-01,Venezuela,28031010,0.0013056967979391395
726,Venezuela,422,Total,2009-06-02,Venezuela,28031010,0.001505475542979008
727,Venezuela,321,Total,2009-06-03,Venezuela,28031010,0.0011451603063892452
728,Venezuela,147,Total,2009-06-04,Venezuela,28031010,0.0005244192057296544
729,Venezuela,92,Total,2009-06-05,Venezuela,28031010,0.0003282079382797837
730,Venezuela,438,Total,2009-06-06,Venezuela,28031010,0.0015625551844189703
731,Venezuela,300,Total,2009-06-07,Venezuela,28031010,0.0010702432769992948
732,Venezuela,251,Total,2009-06-08,Venezuela,28031010,0.0008954368750894099
733,Venezuela,274,Total,2009-06-09,Venezuela,28031010,0.000977488859659356
734,Venezuela,338,Total,2009-06-10,Venezuela,28031010,0.0012058074254192054
735,Venezuela,323,Total,2009-06-11,Venezuela,28031010,0.0011522952615692407
736,Venezuela,57,Total,2009-06-12,Venezuela,28031010,0.00020334622262986601
737,Venezuela,200,Total,2009-06-13,Venezuela,28031010,0.0007134955179995299
738,Venezuela,348,Total,2009-06-14,Venezuela,28031010,0.001241482201319182
739,Venezuela,236,Total,2009-06-15,Venezuela,28031010,0.0008419247112394451
740,Venezuela,188,Total,2009-06-16,Venezuela,28031010,0.000670685786919558
741,Venezuela,200,Total,2009-06-17,Venezuela,28031010,0.0007134955179995299
742,Venezuela,302,Total,2009-06-18,Venezuela,28031010,0.00107737823217929
743,Venezuela,267,Total,2009-06-19,Venezuela,28031010,0.0009525165165293724
744,Venezuela,177,Total,2009-06-20,Venezuela,28031010,0.0006314435334295839
745,Venezuela,313,Total,2009-06-21,Venezuela,28031010,0.0011166204856692642
746,Venezuela,448,Total,2009-06-22,Venezuela,28031010,0.0015982299603189466
747,Venezuela,155,Total,2009-06-23,Venezuela,28031010,0.0005529590264496356
748,Venezuela,377,Total,2009-06-24,Venezuela,28031010,0.0013449390514291139
749,Venezuela,348,Total,2009-06-25,Venezuela,28031010,0.001241482201319182
750,Venezuela,307,Total,2009-06-26,Venezuela,28031010,0.001095215620129278
751,Venezuela,267,Total,2009-06-27,Venezuela,28031010,0.0009525165165293724
752,Venezuela,710,Total,2009-06-28,Venezuela,28031010,0.002532909088898331
753,Venezuela,264,Total,2009-06-29,Venezuela,28031010,0.0009418140837593793
754,Yemen,57936,Total,Total,Yemen,22516463,0.2573050660754311
755,Yemen,30,Total,2009-04-16,Yemen,22516463,0.00013323584614510726
756,Yemen,27,Total,2009-04-17,Yemen,22516463,0.00011991226153059654
757,Yemen,36,Total,2009-04-18,Yemen,22516463,0.00015988301537412871
758,Yemen,54,Total,2009-04-19,Yemen,22516463,0.00023982452306119307
759,Yemen,31,Total,2009-04-20,Yemen,22516463,0.00013767704101661082
760,Yemen,41,Total,2009-04-21,Yemen,22516463,0.00018208898973164658
761,Yemen,51,Total,2009-04-22,Yemen,22516463,0.00022650093844668232
762,Yemen,101,Total,2009-04-23,Yemen,22516463,0.00044856068202186105
763,Yemen,118,Total,2009-04-24,Yemen,22516463,0.0005240609948374219
764,Yemen,216,Total,2009-04-25,Yemen,22516463,0.0009592980922447723
765,Yemen,183,Total,2009-04-26,Yemen,22516463,0.0008127386614851543
766,Yemen,172,Total,2009-04-27,Yemen,22516463,0.0007638855178986148
767,Yemen,268,Total,2009-04-28,Yemen,22516463,0.001190240225562958
768,Yemen,280,Total,2009-04-29,Yemen,22516463,0.001243534564021001
769,Yemen,383,Total,2009-04-30,Yemen,22516463,0.0017009776357858693
770,Yemen,443,Total,2009-05-01,Yemen,22516463,0.0019674493280760837
771,Yemen,477,Total,2009-05-02,Yemen,22516463,0.0021184499537072053
772,Yemen,380,Total,2009-05-03,Yemen,22516463,0.0016876540511713586
773,Yemen,694,Total,2009-05-04,Yemen,22516463,0.003082189240823481
774,Yemen,442,Total,2009-05-05,Yemen,22516463,0.00196300813320458
775,Yemen,796,Total,2009-05-06,Yemen,22516463,0.0035351911177168454
776,Yemen,554,Total,2009-05-07,Yemen,22516463,0.0024604219588129804
777,Yemen,556,Total,2009-05-08,Yemen,22516463,0.0024693043485559877
778,Yemen,857,Total,2009-05-09,Yemen,22516463,0.003806104004878564
779,Yemen,1066,Total,2009-05-10,Yemen,22516463,0.004734313733022811
780,Yemen,1052,Total,2009-05-11,Yemen,22516463,0.004672137004821761
781,Yemen,1235,Total,2009-05-12,Yemen,22516463,0.005484875666306915
782,Yemen,1201,Total,2009-05-13,Yemen,22516463,0.0053338750406757935
783,Yemen,1216,Total,2009-05-14,Yemen,22516463,0.0054004929637483465
784,Yemen,1202,Total,2009-05-15,Yemen,22516463,0.005338316235547297
785,Yemen,1312,Total,2009-05-16,Yemen,22516463,0.005826847671412691
786,Yemen,1402,Total,2009-05-17,Yemen,22516463,0.006226555209848012
787,Yemen,1583,Total,2009-05-18,Yemen,22516463,0.007030411481590159
788,Yemen,1771,Total,2009-05-19,Yemen,22516463,0.007865356117432831
789,Yemen,1583,Total,2009-05-20,Yemen,22516463,0.007030411481590159
790,Yemen,1109,Total,2009-05-21,Yemen,22516463,0.004925285112497464
791,Yemen,951,Total,2009-05-22,Yemen,22516463,0.0042235763227999
792,Yemen,1745,Total,2009-05-23,Yemen,22516463,0.007749885050773738
793,Yemen,1588,Total,2009-05-24,Yemen,22516463,0.007052617455947677
794,Yemen,1143,Total,2009-05-25,Yemen,22516463,0.005076285738128586
795,Yemen,1019,Total,2009-05-26,Yemen,22516463,0.004525577574062143
796,Yemen,1100,Total,2009-05-27,Yemen,22516463,0.004885314358653933
797,Yemen,446,Total,2009-05-28,Yemen,22516463,0.0019807729126905945
798,Yemen,1214,Total,2009-05-29,Yemen,22516463,0.0053916105740053405
799,Yemen,930,Total,2009-05-30,Yemen,22516463,0.004130311230498325
800,Yemen,1168,Total,2009-05-31,Yemen,22516463,0.005187315609916175
801,Yemen,916,Total,2009-06-01,Yemen,22516463,0.004068134502297275
802,Yemen,972,Total,2009-06-02,Yemen,22516463,0.004316841415101475
803,Yemen,552,Total,2009-06-03,Yemen,22516463,0.0024515395690699734
804,Yemen,858,Total,2009-06-04,Yemen,22516463,0.0038105451997500674
805,Yemen,411,Total,2009-06-05,Yemen,22516463,0.0018253310921879694
806,Yemen,980,Total,2009-06-06,Yemen,22516463,0.004352370974073503
807,Yemen,806,Total,2009-06-07,Yemen,22516463,0.0035796030664318815
808,Yemen,578,Total,2009-06-08,Yemen,22516463,0.0025670106357290664
809,Yemen,714,Total,2009-06-09,Yemen,22516463,0.0031710131382535526
810,Yemen,373,Total,2009-06-10,Yemen,22516463,0.0016565656870708334
811,Yemen,483,Total,2009-06-11,Yemen,22516463,0.0021450971229362266
812,Yemen,791,Total,2009-06-12,Yemen,22516463,0.0035129851433593276
813,Yemen,807,Total,2009-06-13,Yemen,22516463,0.0035840442613033854
814,Yemen,1004,Total,2009-06-14,Yemen,22516463,0.004458959650989589
815,Yemen,713,Total,2009-06-15,Yemen,22516463,0.003166571943382049
816,Yemen,1070,Total,2009-06-16,Yemen,22516463,0.004752078512508825
817,Yemen,398,Total,2009-06-17,Yemen,22516463,0.0017675955588584227
818,Yemen,1221,Total,2009-06-18,Yemen,22516463,0.005422698938105866
819,Yemen,583,Total,2009-06-19,Yemen,22516463,0.002589216610086584
820,Yemen,933,Total,2009-06-20,Yemen,22516463,0.004143634815112836
821,Yemen,889,Total,2009-06-21,Yemen,22516463,0.003948222240766678
822,Yemen,553,Total,2009-06-22,Yemen,22516463,0.002455980763941477
823,Yemen,989,Total,2009-06-23,Yemen,22516463,0.004392341727917036
824,Yemen,936,Total,2009-06-24,Yemen,22516463,0.004156958399727346
825,Yemen,947,Total,2009-06-25,Yemen,22516463,0.0042058115433138855
826,Yemen,1121,Total,2009-06-26,Yemen,22516463,0.004978579450955508
827,Yemen,1372,Total,2009-06-27,Yemen,22516463,0.006093319363702904
828,Yemen,937,Total,2009-06-28,Yemen,22516463,0.00416139959459885
829,Yemen,803,Total,2009-06-29,Yemen,22516463,0.0035662794818173706
